{
 "42": {
  "Baseline10": {
   "avg_throughput": 1570.5845415732176,
   "avg_latency": 47.950942502895344,
   "max_latency": 328.4687718797224,
   "avg_n_shards": 10.0,
   "reconfigurations": 0,
   "adr": 0.997765,
   "srs": 0.9828632120529217,
   "bft_ratio": 1.0,
   "avg_consensus": 0.7802257878424691,
   "cft": 4.831549165057295,
   "energy_per_tps": 0.21077378902028548,
   "tps_per_shard": 157.05845415732176
  },
  "Baseline20": {
   "avg_throughput": 2083.187010129618,
   "avg_latency": 14.942229037054192,
   "max_latency": 144.19453443570154,
   "avg_n_shards": 20.0,
   "reconfigurations": 0,
   "adr": 0.9977425,
   "srs": 0.9828558614233931,
   "bft_ratio": 1.0,
   "avg_consensus": 0.851802697589518,
   "cft": 4.831549165057295,
   "energy_per_tps": 0.19005293478571017,
   "tps_per_shard": 104.1593505064809
  },
  "DYNASHARD": {
   "avg_throughput": 1533.1421935586925,
   "avg_latency": 188.1238045849007,
   "max_latency": 1776.3828368806744,
   "avg_n_shards": 2.00335,
   "reconfigurations": 102,
   "adr": 0.997655,
   "srs": 0.9861472943400263,
   "bft_ratio": 0.9902253571428571,
   "avg_consensus": 0.7610463960068314,
   "cft": 5.21196921549461,
   "energy_per_tps": 0.7159386478661225,
   "tps_per_shard": 765.2892373068572
  },
  "IntelliShard++": {
   "avg_throughput": 2266.128242094054,
   "avg_latency": 13.193017375067829,
   "max_latency": 2221.8062674281528,
   "avg_n_shards": 15.4229,
   "reconfigurations": 10593,
   "adr": 0.99707,
   "srs": 0.949748329739233,
   "bft_ratio": 0.9454061401081919,
   "avg_consensus": 0.8685861313489531,
   "cft": 3.576672123615988,
   "energy_per_tps": 0.49085610503454963,
   "tps_per_shard": 146.93269372777195,
   "rl_avg_reward": 3.0650926595850754,
   "kstar_mode": 20
  }
 },
 "7": {
  "Baseline10": {
   "avg_throughput": 1573.8738358118433,
   "avg_latency": 47.993792066324865,
   "max_latency": 334.9410134452259,
   "avg_n_shards": 10.0,
   "reconfigurations": 0,
   "adr": 0.99796,
   "srs": 0.9828704420470816,
   "bft_ratio": 1.0,
   "avg_consensus": 0.7796288947411707,
   "cft": 4.831549165057295,
   "energy_per_tps": 0.2104883883503861,
   "tps_per_shard": 157.38738358118434
  },
  "Baseline20": {
   "avg_throughput": 2084.655213125379,
   "avg_latency": 15.102518199851382,
   "max_latency": 146.0366255129487,
   "avg_n_shards": 20.0,
   "reconfigurations": 0,
   "adr": 0.9977475,
   "srs": 0.9828669093668193,
   "bft_ratio": 1.0,
   "avg_consensus": 0.8514656889973549,
   "cft": 4.831549165057295,
   "energy_per_tps": 0.1905073962423418,
   "tps_per_shard": 104.23276065626894
  },
  "DYNASHARD": {
   "avg_throughput": 1530.6646471257118,
   "avg_latency": 186.64660463063132,
   "max_latency": 1801.704060745704,
   "avg_n_shards": 2.01015,
   "reconfigurations": 96,
   "adr": 0.99769,
   "srs": 0.9897252917235599,
   "bft_ratio": 0.9931704545454544,
   "avg_consensus": 0.7608775958664122,
   "cft": 5.201676572178054,
   "energy_per_tps": 0.6419032526193834,
   "tps_per_shard": 761.4678741017893
  },
  "IntelliShard++": {
   "avg_throughput": 2189.237326727303,
   "avg_latency": 16.07467821690883,
   "max_latency": 1275.1428571428578,
   "avg_n_shards": 15.08405,
   "reconfigurations": 12845,
   "adr": 0.99691,
   "srs": 0.9532606580639092,
   "bft_ratio": 0.9518515461554962,
   "avg_consensus": 0.8577257698812809,
   "cft": 3.69624544064793,
   "energy_per_tps": 0.4072648179049768,
   "tps_per_shard": 145.13591023148976,
   "rl_avg_reward": 2.8791918414819166,
   "kstar_mode": 20
  }
 },
 "13": {
  "Baseline10": {
   "avg_throughput": 1569.597610000393,
   "avg_latency": 47.84758773593214,
   "max_latency": 326.60788468989904,
   "avg_n_shards": 10.0,
   "reconfigurations": 0,
   "adr": 0.99769,
   "srs": 0.9828573277514648,
   "bft_ratio": 1.0,
   "avg_consensus": 0.7800737907521674,
   "cft": 4.831549165057295,
   "energy_per_tps": 0.2104536765060236,
   "tps_per_shard": 156.9597610000393
  },
  "Baseline20": {
   "avg_throughput": 2084.3723716299714,
   "avg_latency": 15.02953918275456,
   "max_latency": 144.05108771064616,
   "avg_n_shards": 20.0,
   "reconfigurations": 0,
   "adr": 0.99769,
   "srs": 0.982860588194937,
   "bft_ratio": 1.0,
   "avg_consensus": 0.851529735309383,
   "cft": 4.831549165057295,
   "energy_per_tps": 0.19015392240926177,
   "tps_per_shard": 104.21861858149857
  },
  "DYNASHARD": {
   "avg_throughput": 1529.0521817102178,
   "avg_latency": 188.19672712085793,
   "max_latency": 1748.7875824578157,
   "avg_n_shards": 2.0036,
   "reconfigurations": 86,
   "adr": 0.997665,
   "srs": 0.966181169822748,
   "bft_ratio": 0.9709369047619048,
   "avg_consensus": 0.7545045183921374,
   "cft": 5.233077505149696,
   "energy_per_tps": 0.6752207119834543,
   "tps_per_shard": 763.1524165053992
  },
  "IntelliShard++": {
   "avg_throughput": 2303.897596020749,
   "avg_latency": 13.092842907856701,
   "max_latency": 1287.285714285714,
   "avg_n_shards": 9.41365,
   "reconfigurations": 11619,
   "adr": 0.997595,
   "srs": 0.9204363996116776,
   "bft_ratio": 0.9055003012926279,
   "avg_consensus": 0.8642432359482013,
   "cft": 4.067352762579171,
   "energy_per_tps": 0.702717631517603,
   "tps_per_shard": 244.74009507690948,
   "rl_avg_reward": 3.1419560121800876,
   "kstar_mode": 20
  }
 },
 "101": {
  "Baseline10": {
   "avg_throughput": 1572.7271662434139,
   "avg_latency": 48.035880189474,
   "max_latency": 329.4805908768186,
   "avg_n_shards": 10.0,
   "reconfigurations": 0,
   "adr": 0.997695,
   "srs": 0.9828543612978525,
   "bft_ratio": 1.0,
   "avg_consensus": 0.7798121072813025,
   "cft": 4.831549165057295,
   "energy_per_tps": 0.21104194946691537,
   "tps_per_shard": 157.2727166243414
  },
  "Baseline20": {
   "avg_throughput": 2085.2987848340917,
   "avg_latency": 15.019173273611486,
   "max_latency": 151.3600650843219,
   "avg_n_shards": 20.0,
   "reconfigurations": 0,
   "adr": 0.9978325,
   "srs": 0.9828576049558903,
   "bft_ratio": 1.0,
   "avg_consensus": 0.8516651226529671,
   "cft": 4.831549165057295,
   "energy_per_tps": 0.19019299202701012,
   "tps_per_shard": 104.26493924170458
  },
  "DYNASHARD": {
   "avg_throughput": 1531.8120209322904,
   "avg_latency": 187.29424983936036,
   "max_latency": 1749.4491352661703,
   "avg_n_shards": 2.00305,
   "reconfigurations": 92,
   "adr": 0.997685,
   "srs": 0.9882702427515277,
   "bft_ratio": 0.9911604166666667,
   "avg_consensus": 0.7627293348714049,
   "cft": 5.210278878910998,
   "energy_per_tps": 0.7071162544625816,
   "tps_per_shard": 764.7397822981405
  },
  "IntelliShard++": {
   "avg_throughput": 2310.090360222962,
   "avg_latency": 15.098299158869354,
   "max_latency": 4136.9910257719175,
   "avg_n_shards": 7.0783,
   "reconfigurations": 9471,
   "adr": 0.997465,
   "srs": 0.9026863299686122,
   "bft_ratio": 0.8634990648388664,
   "avg_consensus": 0.8551615978837918,
   "cft": 4.339861308389754,
   "energy_per_tps": 0.6441058889619322,
   "tps_per_shard": 326.3623130162556,
   "rl_avg_reward": 3.195912372848247,
   "kstar_mode": 20
  }
 },
 "202": {
  "Baseline10": {
   "avg_throughput": 1571.4798798052086,
   "avg_latency": 47.932225310868176,
   "max_latency": 328.7700012571269,
   "avg_n_shards": 10.0,
   "reconfigurations": 0,
   "adr": 0.99772,
   "srs": 0.9828552601576074,
   "bft_ratio": 1.0,
   "avg_consensus": 0.779870986960121,
   "cft": 4.831549165057295,
   "energy_per_tps": 0.2104746445235792,
   "tps_per_shard": 157.14798798052087
  },
  "Baseline20": {
   "avg_throughput": 2084.3021162516247,
   "avg_latency": 15.059475890929251,
   "max_latency": 146.11765420441822,
   "avg_n_shards": 20.0,
   "reconfigurations": 0,
   "adr": 0.9977675,
   "srs": 0.9828619979743144,
   "bft_ratio": 1.0,
   "avg_consensus": 0.8514623651429923,
   "cft": 4.831549165057295,
   "energy_per_tps": 0.19047299416100238,
   "tps_per_shard": 104.21510581258124
  },
  "DYNASHARD": {
   "avg_throughput": 1528.2538886450193,
   "avg_latency": 187.51569615396852,
   "max_latency": 1778.934186374173,
   "avg_n_shards": 2.0043,