{
  "meta": {
    "N": 100000,
    "seed": 42,
    "weights": {
      "wL": 1.0,
      "wE": 1.0,
      "wT": 1.0,
      "wC": 1.0,
      "wR": 0.3
    }
  },
  "Baseline10": {
    "avg_throughput": 1571.4872300476552,
    "avg_latency": 47.93585038778921,
    "min_latency": 1.2608106427885686,
    "max_latency": 334.44395262058094,
    "avg_energy": 331.40880154486445,
    "avg_n_shards": 10.0,
    "avg_trust": 94.95350430904982,
    "avg_consensus": 0.7818332220447552,
    "bft_ratio": 1.0,
    "adr": 0.998762,
    "srs": 0.9828749397522414,
    "dsp": 0.97818332220447,
    "cft": 4.831549165060062,
    "so": 7.1999999999933255,
    "total_attacks": 1000000,
    "total_detected": 998762,
    "reconfigurations": 0,
    "tps_per_shard": 157.14872300476551,
    "energy_per_tps": 0.21088863797818738
  },
  "Baseline20": {
    "avg_throughput": 2083.6051203791126,
    "avg_latency": 14.981004684351518,
    "min_latency": 1.1203192829889645,
    "max_latency": 146.64959196697845,
    "avg_energy": 396.3847133213816,
    "avg_n_shards": 20.0,
    "avg_trust": 94.95206262915619,
    "avg_consensus": 0.8535276258939178,
    "bft_ratio": 1.0,
    "adr": 0.9987635,
    "srs": 0.9828734696263356,
    "dsp": 0.9853527625893944,
    "cft": 4.831549165060062,
    "so": 14.399999999986651,
    "total_attacks": 2000000,
    "total_detected": 1997527,
    "reconfigurations": 0,
    "tps_per_shard": 104.18025601895563,
    "energy_per_tps": 0.19023984412615538
  },
  "DYNASHARD": {
    "avg_throughput": 1524.3275421751798,
    "avg_latency": 188.46831841179826,
    "min_latency": 1.0195799771308884,
    "max_latency": 1790.1568152006566,
    "avg_energy": 1157.0489529325955,
    "avg_n_shards": 2.00067,
    "avg_trust": 97.31493512965504,
    "avg_consensus": 0.7664909514797178,
    "bft_ratio": 0.9980450714285714,
    "adr": 0.998747,
    "srs": 0.9932852375112119,
    "dsp": 0.9766490951479637,
    "cft": 5.203958079754274,
    "so": 3.2003350000060324,
    "total_attacks": 1000000,
    "total_detected": 998747,
    "reconfigurations": 102,
    "tps_per_shard": 761.9085317294606,
    "energy_per_tps": 0.759055334840643
  },
  "IntelliShard++": {
    "avg_throughput": 2289.5441628962462,
    "avg_latency": 13.125442646457468,
    "min_latency": 1.0028008467590757,
    "max_latency": 5162.381934289771,
    "avg_energy": 1724.0796730117481,
    "avg_n_shards": 11.5589,
    "avg_trust": 92.79306905533768,
    "avg_consensus": 0.8632483809404959,
    "bft_ratio": 0.9112475811172737,
    "adr": 0.998486,
    "srs": 0.9205362349936101,
    "dsp": 0.9863248380940373,
    "cft": 3.9354173764625764,
    "so": 7.979449999985172,
    "total_attacks": 1000000,
    "total_detected": 998486,
    "reconfigurations": 59648,
    "tps_per_shard": 198.076301628723,
    "energy_per_tps": 0.7530231130509436,
    "rl_avg_reward": 3.1161315155653755,
    "rl_reward_curve": [
      2.477478533192411,
      2.617169024284443,
      2.5528050613559974,
      2.659782816301574,
      2.4679341400944446,
      2.4843057660076275,
      2.479024910850961,
      2.776658030172318,
      2.458303409277999,
      2.3248035238245652,
      2.75468585470976,
      2.382204159041162,
      2.609764930484912,
      2.517435234085296,
      2.823475730346088,
      3.142051189476323,
      3.0275781322773216,
      3.0275555789960027,
      3.0696602018138974,
      3.253381509215934,
      3.2805266610921264,
      3.1644309058662694,
      3.1800285067158485,
      3.1332544294376836,
      3.4722243888381072,
      3.0682334641813878,
      3.101186865365419,
      3.458706125717246,
      3.148043097891259,
      3.4574346600378134,
      3.662619363023104,
      3.686506294212767,
      3.3427818010092567,
      3.4828175535261927,
      3.5417905704879873,
      3.4935202472584717,
      3.5923309988260987,
      3.555921629602856,
      3.5595826040921024,
      3.5895864812319207,
      3.2983643288692592,
      3.584400519320872,
      3.2799442197465947,
      3.2012004666577067,
      3.476293891706253,
      3.3956622268608867,
      3.5221006921337237,
      3.5328237009045753,
      3.2090343876584293,
      3.4291669601875236
    ],
    "kstar_mode": 20,
    "action_counts": {
      "do_nothing": 39438,
      "split": 24789,
      "merge": 21109,
      "rebalance": 14664
    }
  }
}